sequence    ,obj,  J&F,    J,    F
Global score,   , 100.0, 100.0, 100.0
sav_000208  ,000, 100.0, 100.0, 100.0
sav_000208  ,001, 100.0, 100.0, 100.0
sav_000425  ,000, 100.0, 100.0, 100.0
sav_000425  ,001, 100.0, 100.0, 100.0
sav_000818  ,000, 100.0, 100.0, 100.0
sav_001148  ,000, 100.0, 100.0, 100.0
sav_001379  ,000, 100.0, 100.0, 100.0
sav_001379  ,001, 100.0, 100.0, 100.0
sav_002636  ,000, 100.0, 100.0, 100.0
sav_002789  ,000, 100.0, 100.0, 100.0
sav_002789  ,001, 100.0, 100.0, 100.0
sav_003191  ,000, 100.0, 100.0, 100.0
sav_003191  ,001, 100.0, 100.0, 100.0
sav_003418  ,000, 100.0, 100.0, 100.0
sav_003419  ,000, 100.0, 100.0, 100.0
sav_003798  ,000, 100.0, 100.0, 100.0
sav_003798  ,001, 100.0, 100.0, 100.0
sav_004381  ,000, 100.0, 100.0, 100.0
sav_004507  ,000, 100.0, 100.0, 100.0
sav_004507  ,001, 100.0, 100.0, 100.0
sav_004550  ,000, 100.0, 100.0, 100.0
sav_004550  ,001, 100.0, 100.0, 100.0
sav_004755  ,000, 100.0, 100.0, 100.0
sav_004755  ,001, 100.0, 100.0, 100.0
sav_006301  ,000, 100.0, 100.0, 100.0
sav_007311  ,000, 100.0, 100.0, 100.0
sav_007311  ,001, 100.0, 100.0, 100.0
sav_007543  ,000, 100.0, 100.0, 100.0
sav_007943  ,000, 100.0, 100.0, 100.0
sav_007943  ,001, 100.0, 100.0, 100.0
sav_007943  ,002, 100.0, 100.0, 100.0
sav_007943  ,003, 100.0, 100.0, 100.0
sav_007943  ,004, 100.0, 100.0, 100.0
sav_008286  ,000, 100.0, 100.0, 100.0
sav_008860  ,000, 100.0, 100.0, 100.0
sav_008860  ,001, 100.0, 100.0, 100.0
sav_008860  ,002, 100.0, 100.0, 100.0
sav_008977  ,000, 100.0, 100.0, 100.0
sav_008977  ,001, 100.0, 100.0, 100.0
sav_009146  ,000, 100.0, 100.0, 100.0
sav_009146  ,001, 100.0, 100.0, 100.0
sav_009307  ,000, 100.0, 100.0, 100.0
sav_009307  ,001, 100.0, 100.0, 100.0
sav_009307  ,002, 100.0, 100.0, 100.0
sav_009687  ,000, 100.0, 100.0, 100.0
sav_009687  ,001, 100.0, 100.0, 100.0
sav_010164  ,000, 100.0, 100.0, 100.0
sav_010280  ,000, 100.0, 100.0, 100.0
sav_010681  ,000, 100.0, 100.0, 100.0
sav_010923  ,000, 100.0, 100.0, 100.0
sav_010923  ,001, 100.0, 100.0, 100.0
sav_010923  ,002, 100.0, 100.0, 100.0
sav_010923  ,003, 100.0, 100.0, 100.0
sav_010931  ,000, 100.0, 100.0, 100.0
sav_011282  ,000, 100.0, 100.0, 100.0
sav_011282  ,001, 100.0, 100.0, 100.0
sav_011742  ,000, 100.0, 100.0, 100.0
sav_011754  ,000, 100.0, 100.0, 100.0
sav_011754  ,001, 100.0, 100.0, 100.0
sav_011787  ,000, 100.0, 100.0, 100.0
sav_011787  ,001, 100.0, 100.0, 100.0
sav_012344  ,000, 100.0, 100.0, 100.0
sav_012344  ,001, 100.0, 100.0, 100.0
sav_012593  ,000, 100.0, 100.0, 100.0
sav_013074  ,000, 100.0, 100.0, 100.0
sav_013124  ,000, 100.0, 100.0, 100.0
sav_013624  ,000, 100.0, 100.0, 100.0
sav_013624  ,001, 100.0, 100.0, 100.0
sav_013624  ,002, 100.0, 100.0, 100.0
sav_013624  ,003, 100.0, 100.0, 100.0
sav_013624  ,004, 100.0, 100.0, 100.0
sav_015027  ,000, 100.0, 100.0, 100.0
sav_015587  ,000, 100.0, 100.0, 100.0
sav_015763  ,000, 100.0, 100.0, 100.0
sav_016333  ,000, 100.0, 100.0, 100.0
sav_016333  ,001, 100.0, 100.0, 100.0
sav_016568  ,000, 100.0, 100.0, 100.0
sav_016568  ,001, 100.0, 100.0, 100.0
sav_016568  ,002, 100.0, 100.0, 100.0
sav_017171  ,000, 100.0, 100.0, 100.0
sav_017171  ,001, 100.0, 100.0, 100.0
sav_017171  ,002, 100.0, 100.0, 100.0
sav_017694  ,000, 100.0, 100.0, 100.0
sav_018048  ,000, 100.0, 100.0, 100.0
sav_018048  ,001, 100.0, 100.0, 100.0
sav_020515  ,000, 100.0, 100.0, 100.0
sav_020688  ,000, 100.0, 100.0, 100.0
sav_020688  ,001, 100.0, 100.0, 100.0
sav_020844  ,000, 100.0, 100.0, 100.0
sav_021093  ,000, 100.0, 100.0, 100.0
sav_021407  ,000, 100.0, 100.0, 100.0
sav_021407  ,001, 100.0, 100.0, 100.0
sav_021407  ,002, 100.0, 100.0, 100.0
sav_021407  ,003, 100.0, 100.0, 100.0
sav_021407  ,004, 100.0, 100.0, 100.0
sav_021623  ,000, 100.0, 100.0, 100.0
sav_021623  ,001, 100.0, 100.0, 100.0
sav_022374  ,000, 100.0, 100.0, 100.0
sav_022374  ,001, 100.0, 100.0, 100.0
sav_022374  ,002, 100.0, 100.0, 100.0
sav_022663  ,000, 100.0, 100.0, 100.0
sav_023013  ,000, 100.0, 100.0, 100.0
sav_023013  ,001, 100.0, 100.0, 100.0
sav_023742  ,000, 100.0, 100.0, 100.0
sav_023860  ,000, 100.0, 100.0, 100.0
sav_023860  ,001, 100.0, 100.0, 100.0
sav_023860  ,002, 100.0, 100.0, 100.0
sav_023860  ,003, 100.0, 100.0, 100.0
sav_023982  ,000, 100.0, 100.0, 100.0
sav_023982  ,001, 100.0, 100.0, 100.0
sav_023982  ,002, 100.0, 100.0, 100.0
sav_024119  ,000, 100.0, 100.0, 100.0
sav_024562  ,000, 100.0, 100.0, 100.0
sav_024568  ,000, 100.0, 100.0, 100.0
sav_024568  ,001, 100.0, 100.0, 100.0
sav_024568  ,002, 100.0, 100.0, 100.0
sav_024938  ,000, 100.0, 100.0, 100.0
sav_024938  ,001, 100.0, 100.0, 100.0
sav_025082  ,000, 100.0, 100.0, 100.0
sav_025082  ,001, 100.0, 100.0, 100.0
sav_025236  ,000, 100.0, 100.0, 100.0
sav_025271  ,000, 100.0, 100.0, 100.0
sav_025271  ,001, 100.0, 100.0, 100.0
sav_026020  ,000, 100.0, 100.0, 100.0
sav_026256  ,000, 100.0, 100.0, 100.0
sav_026256  ,001, 100.0, 100.0, 100.0
sav_026469  ,000, 100.0, 100.0, 100.0
sav_026800  ,000, 100.0, 100.0, 100.0
sav_026800  ,001, 100.0, 100.0, 100.0
sav_026800  ,002, 100.0, 100.0, 100.0
sav_026800  ,003, 100.0, 100.0, 100.0
sav_026821  ,000, 100.0, 100.0, 100.0
sav_026821  ,001, 100.0, 100.0, 100.0
sav_026821  ,002, 100.0, 100.0, 100.0
sav_026821  ,003, 100.0, 100.0, 100.0
sav_026969  ,000, 100.0, 100.0, 100.0
sav_027066  ,000, 100.0, 100.0, 100.0
sav_027979  ,000, 100.0, 100.0, 100.0
sav_027979  ,001, 100.0, 100.0, 100.0
sav_028579  ,000, 100.0, 100.0, 100.0
sav_028579  ,001, 100.0, 100.0, 100.0
sav_028748  ,000, 100.0, 100.0, 100.0
sav_029809  ,000, 100.0, 100.0, 100.0
sav_029809  ,001, 100.0, 100.0, 100.0
sav_030325  ,000, 100.0, 100.0, 100.0
sav_030325  ,001, 100.0, 100.0, 100.0
sav_030521  ,000, 100.0, 100.0, 100.0
sav_030621  ,000, 100.0, 100.0, 100.0
sav_030786  ,000, 100.0, 100.0, 100.0
sav_030786  ,001, 100.0, 100.0, 100.0
sav_030786  ,002, 100.0, 100.0, 100.0
sav_031273  ,000, 100.0, 100.0, 100.0
sav_031285  ,000, 100.0, 100.0, 100.0
sav_031317  ,000, 100.0, 100.0, 100.0
sav_031317  ,001, 100.0, 100.0, 100.0
sav_031773  ,000, 100.0, 100.0, 100.0
sav_031773  ,001, 100.0, 100.0, 100.0
sav_031773  ,002, 100.0, 100.0, 100.0
sav_031901  ,000, 100.0, 100.0, 100.0
sav_031935  ,000, 100.0, 100.0, 100.0
sav_031935  ,001, 100.0, 100.0, 100.0
sav_032237  ,000, 100.0, 100.0, 100.0
sav_032237  ,001, 100.0, 100.0, 100.0
sav_032237  ,002, 100.0, 100.0, 100.0
sav_032237  ,003, 100.0, 100.0, 100.0
sav_032329  ,000, 100.0, 100.0, 100.0
sav_032329  ,001, 100.0, 100.0, 100.0
sav_032655  ,000, 100.0, 100.0, 100.0
sav_032837  ,000, 100.0, 100.0, 100.0
sav_032837  ,001, 100.0, 100.0, 100.0
sav_032837  ,002, 100.0, 100.0, 100.0
sav_032837  ,003, 100.0, 100.0, 100.0
sav_033343  ,000, 100.0, 100.0, 100.0
sav_033373  ,000, 100.0, 100.0, 100.0
sav_033373  ,001, 100.0, 100.0, 100.0
sav_033857  ,000, 100.0, 100.0, 100.0
sav_035939  ,000, 100.0, 100.0, 100.0
sav_035939  ,001, 100.0, 100.0, 100.0
sav_036300  ,000, 100.0, 100.0, 100.0
sav_036919  ,000, 100.0, 100.0, 100.0
sav_036919  ,001, 100.0, 100.0, 100.0
sav_036919  ,002, 100.0, 100.0, 100.0
sav_036919  ,003, 100.0, 100.0, 100.0
sav_037370  ,000, 100.0, 100.0, 100.0
sav_037495  ,000, 100.0, 100.0, 100.0
sav_037788  ,000, 100.0, 100.0, 100.0
sav_037938  ,000, 100.0, 100.0, 100.0
sav_038325  ,000, 100.0, 100.0, 100.0
sav_039416  ,000, 100.0, 100.0, 100.0
sav_039416  ,001, 100.0, 100.0, 100.0
sav_039416  ,002, 100.0, 100.0, 100.0
sav_039782  ,000, 100.0, 100.0, 100.0
sav_040157  ,000, 100.0, 100.0, 100.0
sav_040678  ,000, 100.0, 100.0, 100.0
sav_041173  ,000, 100.0, 100.0, 100.0
sav_041589  ,000, 100.0, 100.0, 100.0
sav_041589  ,001, 100.0, 100.0, 100.0
sav_041589  ,002, 100.0, 100.0, 100.0
sav_041589  ,003, 100.0, 100.0, 100.0
sav_041589  ,004, 100.0, 100.0, 100.0
sav_041748  ,000, 100.0, 100.0, 100.0
sav_042227  ,000, 100.0, 100.0, 100.0
sav_042517  ,000, 100.0, 100.0, 100.0
sav_042517  ,001, 100.0, 100.0, 100.0
sav_042517  ,002, 100.0, 100.0, 100.0
sav_042703  ,000, 100.0, 100.0, 100.0
sav_042890  ,000, 100.0, 100.0, 100.0
sav_043131  ,000, 100.0, 100.0, 100.0
sav_043183  ,000, 100.0, 100.0, 100.0
sav_043183  ,001, 100.0, 100.0, 100.0
sav_043348  ,000, 100.0, 100.0, 100.0
sav_043348  ,001, 100.0, 100.0, 100.0
sav_043844  ,000, 100.0, 100.0, 100.0
sav_043844  ,001, 100.0, 100.0, 100.0
sav_043844  ,002, 100.0, 100.0, 100.0
sav_043898  ,000, 100.0, 100.0, 100.0
sav_044104  ,000, 100.0, 100.0, 100.0
sav_044104  ,001, 100.0, 100.0, 100.0
sav_044104  ,002, 100.0, 100.0, 100.0
sav_044104  ,003, 100.0, 100.0, 100.0
sav_044580  ,000, 100.0, 100.0, 100.0
sav_044777  ,000, 100.0, 100.0, 100.0
sav_044777  ,001, 100.0, 100.0, 100.0
sav_045541  ,000, 100.0, 100.0, 100.0
sav_045630  ,000, 100.0, 100.0, 100.0
sav_045630  ,001, 100.0, 100.0, 100.0
sav_045675  ,000, 100.0, 100.0, 100.0
sav_046799  ,000, 100.0, 100.0, 100.0
sav_046799  ,001, 100.0, 100.0, 100.0
sav_047286  ,000, 100.0, 100.0, 100.0
sav_047904  ,000, 100.0, 100.0, 100.0
sav_048456  ,000, 100.0, 100.0, 100.0
sav_048456  ,001, 100.0, 100.0, 100.0
sav_048782  ,000, 100.0, 100.0, 100.0
sav_048782  ,001, 100.0, 100.0, 100.0
sav_048782  ,002, 100.0, 100.0, 100.0
sav_049155  ,000, 100.0, 100.0, 100.0
sav_049155  ,001, 100.0, 100.0, 100.0
sav_049186  ,000, 100.0, 100.0, 100.0
sav_050141  ,000, 100.0, 100.0, 100.0
sav_050141  ,001, 100.0, 100.0, 100.0
sav_050141  ,002, 100.0, 100.0, 100.0
sav_050141  ,003, 100.0, 100.0, 100.0
sav_050499  ,000, 100.0, 100.0, 100.0
sav_051362  ,000, 100.0, 100.0, 100.0
sav_051362  ,001, 100.0, 100.0, 100.0
sav_051362  ,002, 100.0, 100.0, 100.0
sav_051362  ,003, 100.0, 100.0, 100.0
sav_051401  ,000, 100.0, 100.0, 100.0
sav_052215  ,000, 100.0, 100.0, 100.0
sav_052661  ,000, 100.0, 100.0, 100.0
sav_052661  ,001, 100.0, 100.0, 100.0
sav_052793  ,000, 100.0, 100.0, 100.0
sav_052793  ,001, 100.0, 100.0, 100.0
sav_052991  ,000, 100.0, 100.0, 100.0
sav_052991  ,001, 100.0, 100.0, 100.0
sav_053005  ,000, 100.0, 100.0, 100.0
sav_053005  ,001, 100.0, 100.0, 100.0
sav_053054  ,000, 100.0, 100.0, 100.0
sav_053054  ,001, 100.0, 100.0, 100.0
sav_053239  ,000, 100.0, 100.0, 100.0
sav_053239  ,001, 100.0, 100.0, 100.0
sav_053269  ,000, 100.0, 100.0, 100.0
sav_053269  ,001, 100.0, 100.0, 100.0
sav_053269  ,002, 100.0, 100.0, 100.0
sav_053716  ,000, 100.0, 100.0, 100.0
sav_053954  ,000, 100.0, 100.0, 100.0
sav_053954  ,001, 100.0, 100.0, 100.0
sav_054217  ,000, 100.0, 100.0, 100.0
sav_054282  ,000, 100.0, 100.0, 100.0
sav_054282  ,001, 100.0, 100.0, 100.0
sav_054282  ,002, 100.0, 100.0, 100.0
sav_054399  ,000, 100.0, 100.0, 100.0
sav_054399  ,001, 100.0, 100.0, 100.0
sav_054399  ,002, 100.0, 100.0, 100.0
sav_054399  ,003, 100.0, 100.0, 100.0
sav_054440  ,000, 100.0, 100.0, 100.0
sav_054565  ,000, 100.0, 100.0, 100.0
